{"1": {"connections": ["9"], "position": [-763.9597, 14.4687815, 71.26427]}, "10": {"connections": ["7"], "position": [-770.6859, 14.2354136, 108.000694]}, "11": {"connections": ["10"], "position": [-766.855164, 14.1586447, 115.42099]}, "12": {"connections": ["11"], "position": [-760.1617, 14.3500652, 115.345062]}, "13": {"connections": ["14"], "position": [-761.2367, 14.4497547, 60.3787575]}, "14": {"connections": ["15"], "position": [-769.692261, 13.9143887, 53.46101]}, "15": {"connections": [], "position": [-776.3339, 14.0668449, 53.9127655]}, "2": {"connections": ["13", "1"], "position": [-754.725159, 14.5130272, 71.72345]}, "3": {"connections": ["2"], "position": [-755.8389, 14.273324, 85.773]}, "4": {"connections": ["3"], "position": [-759.6032, 14.3121624, 92.4029541]}, "6": {"connections": ["4"], "position": [-763.1072, 14.0863829, 94.2882]}, "7": {"connections": ["8", "6"], "position": [-769.652832, 14.4073753, 95.17228]}, "8": {"connections": [], "position": [-774.6734, 14.2827883, 90.3625946]}, "9": {"connections": [], "position": [-773.787354, 14.3568478, 72.58908]}}