{"node1": {"connections": ["node2"], "position": [-1781.37048, 11.3278055, -403.51712]}, "node10": {"connections": ["node11", "node8"], "position": [-1744.75537, 11.4937639, -391.732117]}, "node11": {"connections": ["node10"], "position": [-1738.8302, 11.1844568, -390.6864]}, "node12": {"connections": ["node13"], "position": [-1754.0094, 11.244626, -394.182617]}, "node13": {"connections": ["node14"], "position": [-1761.69312, 10.9547148, -400.173859]}, "node14": {"connections": ["node1", "node15"], "position": [-1771.34241, 10.7124481, -404.650055]}, "node15": {"connections": ["node14", "node16"], "position": [-1770.99182, 10.8286257, -416.4168]}, "node16": {"connections": ["node15", "node17"], "position": [-1762.68921, 10.8594389, -422.549255]}, "node17": {"connections": ["node16"], "position": [-1760.446, 10.7694921, -442.320648]}, "node2": {"connections": ["node3"], "position": [-1783.82166, 11.0457764, -392.7337]}, "node3": {"connections": ["node4"], "position": [-1784.18762, 10.9032125, -381.8789]}, "node4": {"connections": ["node5"], "position": [-1778.86462, 10.8515072, -378.173553]}, "node5": {"connections": ["node6"], "position": [-1774.52783, 11.2463427, -379.614929]}, "node6": {"connections": ["node7"], "position": [-1764.93054, 11.2690859, -381.460754]}, "node7": {"connections": ["node12", "node8"], "position": [-1756.49268, 11.7681217, -386.146667]}, "node8": {"connections": ["node9", "node10", "node7"], "position": [-1751.0946, 11.6371937, -383.948456]}, "node9": {"connections": ["node8"], "position": [-1748.81445, 11.9035311, -377.8112]}}