{"1": {"connections": ["2"], "position": [-378.687317, -1.37946093, -686.5203]}, "10": {"connections": ["9"], "position": [-398.9628, -1.23419452, -710.855347]}, "11": {"connections": ["1"], "position": [-387.575653, -1.13580513, -696.9505]}, "12": {"connections": ["10"], "position": [-405.40448, -1.10732853, -707.806763]}, "13": {"connections": ["12"], "position": [-404.9883, -0.997512937, -692.548035]}, "2": {"connections": ["4"], "position": [-368.1555, -1.11752355, -690.337463]}, "3": {"connections": [], "position": [-367.2649, -1.38244343, -704.332764]}, "4": {"connections": ["5"], "position": [-367.0613, -1.33867764, -713.884766]}, "5": {"connections": ["6"], "position": [-366.307068, -1.27321887, -722.80835]}, "6": {"connections": ["7"], "position": [-364.651917, -1.07381284, -731.333252]}, "7": {"connections": ["8"], "position": [-378.930481, -1.27285028, -730.639954]}, "8": {"connections": ["9"], "position": [-388.855682, -1.14729488, -721.5924]}, "9": {"connections": ["11"], "position": [-387.465271, -1.192392, -709.0383]}}